C1,C2,stat,p_value,cutoff,significant
2,3,B2,2.0246163236268606e-47,7.716049382716049e-5,TRUE
1,3,maxWidth,3.267406558795311e-43,7.716049382716049e-5,TRUE
1,3,B2,6.309420363723931e-38,7.716049382716049e-5,TRUE
1,3,skewness,6.721781762268706e-33,7.716049382716049e-5,TRUE
1,3,B1,1.2455217959089917e-31,7.716049382716049e-5,TRUE
1,3,cherries,1.718600721114506e-30,7.716049382716049e-5,TRUE
1,7,cherries,3.645718469911534e-29,7.716049382716049e-5,TRUE
3,4,B2,5.481609775029719e-29,7.716049382716049e-5,TRUE
2,3,skewness,2.111540572938873e-28,7.716049382716049e-5,TRUE
1,3,pitchforks,1.5251291492043233e-27,7.716049382716049e-5,TRUE
1,7,B1,1.6124862800634823e-27,7.716049382716049e-5,TRUE
1,3,stairs2,3.211867785530434e-26,7.716049382716049e-5,TRUE
1,3,DelW,2.6384601294879172e-24,7.716049382716049e-5,TRUE
2,3,maxWidth,1.238435071625302e-22,7.716049382716049e-5,TRUE
3,6,B2,2.849393714762245e-22,7.716049382716049e-5,TRUE
1,3,kurtosis,9.223398592867586e-22,7.716049382716049e-5,TRUE
1,7,pitchforks,4.6398465212938506e-21,7.716049382716049e-5,TRUE
1,2,cherries,6.22990755396186e-21,7.716049382716049e-5,TRUE
1,7,maxWidth,1.1261537080870347e-20,7.716049382716049e-5,TRUE
0,2,B2,4.2827430936869365e-20,7.716049382716049e-5,TRUE
1,2,B1,1.0476550963743565e-19,7.716049382716049e-5,TRUE
3,7,B2,1.2528501389554733e-19,7.716049382716049e-5,TRUE
1,4,cherries,5.420502955854872e-19,7.716049382716049e-5,TRUE
3,4,skewness,6.536403541909001e-19,7.716049382716049e-5,TRUE
1,3,betweenness,1.4878783112315593e-18,7.716049382716049e-5,TRUE
1,4,B1,2.194051216814336e-18,7.716049382716049e-5,TRUE
1,3,treeSize,5.453180817447264e-18,7.716049382716049e-5,TRUE
2,3,kurtosis,5.755310711894456e-18,7.716049382716049e-5,TRUE
0,1,B2,1.6294262819778627e-17,7.716049382716049e-5,TRUE
1,7,treeSize,1.4084677572652874e-16,7.716049382716049e-5,TRUE
1,7,betweenness,1.6975741930797236e-16,7.716049382716049e-5,TRUE
0,4,B2,5.074400869817958e-16,7.716049382716049e-5,TRUE
0,1,maxWidth,2.180524147891764e-15,7.716049382716049e-5,TRUE
3,4,maxHeight,3.3857497205433377e-15,7.716049382716049e-5,TRUE
1,4,betweenness,6.841678057767917e-15,7.716049382716049e-5,TRUE
2,3,maxHeight,8.406076561706212e-15,7.716049382716049e-5,TRUE
1,4,pitchforks,1.2631606579960188e-14,7.716049382716049e-5,TRUE
3,4,kurtosis,1.2926414398752022e-14,7.716049382716049e-5,TRUE
3,4,colless,1.4976819555770738e-14,7.716049382716049e-5,TRUE
0,3,skewness,1.5620198527450027e-14,7.716049382716049e-5,TRUE
1,4,treeSize,1.8797216682864242e-14,7.716049382716049e-5,TRUE
3,6,skewness,3.903736155469684e-14,7.716049382716049e-5,TRUE
1,2,pitchforks,5.4578712201340613e-14,7.716049382716049e-5,TRUE
1,7,DelW,6.907786211657398e-14,7.716049382716049e-5,TRUE
1,3,stairs1,1.016624758198076e-13,7.716049382716049e-5,TRUE
1,4,sackin,1.9405276580036635e-13,7.716049382716049e-5,TRUE
0,6,B2,3.193987304050239e-13,7.716049382716049e-5,TRUE
1,2,betweenness,4.0801453318992305e-13,7.716049382716049e-5,TRUE
1,2,treeSize,7.040584413515933e-13,7.716049382716049e-5,TRUE
2,3,stairs2,1.0130188343920831e-12,7.716049382716049e-5,TRUE
2,3,DelW,1.4991540225543275e-12,7.716049382716049e-5,TRUE
0,1,cherries,7.636458483472905e-12,7.716049382716049e-5,TRUE
1,3,maxHeight,8.020479060763824e-12,7.716049382716049e-5,TRUE
0,1,B1,2.0849099045112703e-11,7.716049382716049e-5,TRUE
0,3,kurtosis,3.8372068335299655e-11,7.716049382716049e-5,TRUE
3,6,kurtosis,1.2367609963959364e-10,7.716049382716049e-5,TRUE
1,4,colless,2.5062258467145523e-10,7.716049382716049e-5,TRUE
0,1,stairs2,2.594213506442562e-10,7.716049382716049e-5,TRUE
2,3,colless,3.4694541546917945e-10,7.716049382716049e-5,TRUE
1,6,cherries,6.094761342306095e-10,7.716049382716049e-5,TRUE
3,4,maxWidth,1.297080965382589e-9,7.716049382716049e-5,TRUE
0,1,pitchforks,1.322027765051472e-9,7.716049382716049e-5,TRUE
1,7,closeness,1.3949955250338905e-9,7.716049382716049e-5,TRUE
1,5,cherries,1.5288197078180153e-9,7.716049382716049e-5,TRUE
0,4,colless,2.4885901076351376e-9,7.716049382716049e-5,TRUE
1,7,skewness,3.4802819980898875e-9,7.716049382716049e-5,TRUE
1,6,B1,5.08029717527437e-9,7.716049382716049e-5,TRUE
0,1,DelW,6.544849529397383e-9,7.716049382716049e-5,TRUE
1,2,sackin,6.75414993805054e-9,7.716049382716049e-5,TRUE
1,7,stairs1,7.005565999370439e-9,7.716049382716049e-5,TRUE
1,2,maxWidth,9.767676144336712e-9,7.716049382716049e-5,TRUE
3,4,sackin,9.915260631608851e-9,7.716049382716049e-5,TRUE
1,4,I2,1.4122320655209487e-8,7.716049382716049e-5,TRUE
1,3,closeness,1.5350828132224273e-8,7.716049382716049e-5,TRUE
1,7,stairs2,1.6488161409159047e-8,7.716049382716049e-5,TRUE
3,6,maxHeight,2.6512733312702814e-8,7.716049382716049e-5,TRUE
1,4,closeness,2.881141074081655e-8,7.716049382716049e-5,TRUE
0,7,B2,5.559119865139848e-8,7.716049382716049e-5,TRUE
3,4,stairs2,7.807660172931416e-8,7.716049382716049e-5,TRUE
1,5,B1,1.1153232814137832e-7,7.716049382716049e-5,TRUE
3,4,DelW,1.3810101569817522e-7,7.716049382716049e-5,TRUE
3,6,maxWidth,1.8343500400109467e-7,7.716049382716049e-5,TRUE
1,2,closeness,1.9267584506334863e-7,7.716049382716049e-5,TRUE
2,7,maxWidth,2.0083975434088243e-7,7.716049382716049e-5,TRUE
2,7,skewness,2.108688875873678e-7,7.716049382716049e-5,TRUE
1,4,maxWidth,2.9980483812739815e-7,7.716049382716049e-5,TRUE
1,6,pitchforks,6.956524567280415e-7,7.716049382716049e-5,TRUE
3,6,colless,8.631645390621706e-7,7.716049382716049e-5,TRUE
7,8,closeness,1.0270519885868149e-6,7.716049382716049e-5,TRUE
0,1,treeSize,1.1388358274395718e-6,7.716049382716049e-5,TRUE
0,4,sackin,1.1608035179161088e-6,7.716049382716049e-5,TRUE
0,1,betweenness,1.3609670325398226e-6,7.716049382716049e-5,TRUE
3,5,B2,1.5601068305380115e-6,7.716049382716049e-5,TRUE
1,7,I2,1.674290663769296e-6,7.716049382716049e-5,TRUE
1,5,maxWidth,1.7122316907435366e-6,7.716049382716049e-5,TRUE
0,4,maxHeight,1.7444301560483301e-06,7.716049382716049e-5,TRUE
3,6,stairs2,2.0450639555118022e-06,7.716049382716049e-5,TRUE
0,1,stairs1,2.7045187956297912e-6,7.716049382716049e-5,TRUE
1,7,kurtosis,2.826771613341035e-6,7.716049382716049e-5,TRUE
3,7,maxHeight,3.5475532786700414e-6,7.716049382716049e-5,TRUE
1,6,treeSize,4.494068725413745e-6,7.716049382716049e-5,TRUE
1,2,DelW,6.647046213470209e-6,7.716049382716049e-5,TRUE
1,2,stairs1,7.287377788099365e-6,7.716049382716049e-5,TRUE
4,8,closeness,7.512896896634272e-6,7.716049382716049e-5,TRUE
0,2,colless,8.16797377021121e-6,7.716049382716049e-5,TRUE
1,6,betweenness,8.275122058421604e-6,7.716049382716049e-5,TRUE
1,7,sackin,1.2135834130253552e-5,7.716049382716049e-5,TRUE
2,7,B2,1.2662749489057287e-5,7.716049382716049e-5,TRUE
4,7,skewness,1.4036651120292444e-5,7.716049382716049e-5,TRUE
2,7,cherries,1.4694924868560215e-5,7.716049382716049e-5,TRUE
1,2,colless,1.6616243637032124e-5,7.716049382716049e-5,TRUE
1,2,I2,1.7985982426118645e-5,7.716049382716049e-5,TRUE
2,7,B1,1.822572748027398e-5,7.716049382716049e-5,TRUE
0,2,maxHeight,2.117035665163063e-5,7.716049382716049e-5,TRUE
3,6,DelW,2.215811418361959e-5,7.716049382716049e-5,TRUE
2,5,B2,2.3399749178551967e-5,7.716049382716049e-5,TRUE
3,7,colless,2.4773070045822717e-5,7.716049382716049e-5,TRUE
2,7,DelW,3.236118836253986e-5,7.716049382716049e-5,TRUE
4,5,B2,3.325611330851337e-5,7.716049382716049e-5,TRUE
7,8,B1,4.1455201355408274e-5,7.716049382716049e-5,TRUE
2,3,sackin,5.1087674808729295e-5,7.716049382716049e-5,TRUE
7,8,cherries,5.495323226951507e-5,7.716049382716049e-5,TRUE
1,5,B2,6.652720302819531e-5,7.716049382716049e-5,TRUE
0,7,cherries,6.984293771299868e-5,7.716049382716049e-5,TRUE
1,4,ILnumber,7.088618682053492e-5,7.716049382716049e-5,TRUE
3,5,skewness,7.385859415868926e-5,7.716049382716049e-5,TRUE
1,5,DelW,7.69134032406619e-5,7.716049382716049e-5,TRUE
3,8,closeness,8.424865842159301e-5,7.716049382716049e-5,FALSE
6,7,skewness,8.513772067505405e-5,7.716049382716049e-5,FALSE
1,3,I2,9.416567363341808e-5,7.716049382716049e-5,FALSE
0,3,maxWidth,1.0325028231380404e-4,7.716049382716049e-5,FALSE
3,7,skewness,1.1004477779548295e-4,7.716049382716049e-5,FALSE
3,8,B2,1.1326962354127005e-4,7.716049382716049e-5,FALSE
2,7,kurtosis,1.2695977189790508e-4,7.716049382716049e-5,FALSE
0,2,maxWidth,1.4226418936952908e-4,7.716049382716049e-5,FALSE
5,6,B2,1.4804743152475698e-4,7.716049382716049e-5,FALSE
1,2,stairs2,1.524839407806601e-4,7.716049382716049e-5,FALSE
1,5,pitchforks,1.5731143578283588e-4,7.716049382716049e-5,FALSE
4,7,B2,1.6135479423881594e-4,7.716049382716049e-5,FALSE
2,3,pitchforks,1.7887679585209076e-4,7.716049382716049e-5,FALSE
0,7,B1,1.821961917620837e-4,7.716049382716049e-5,FALSE
7,8,treeSize,1.8224666910516312e-4,7.716049382716049e-5,FALSE
1,6,sackin,1.8393009263239214e-4,7.716049382716049e-5,FALSE
3,8,skewness,1.9119979021017138e-4,7.716049382716049e-5,FALSE
1,6,maxWidth,1.9277116034732738e-4,7.716049382716049e-5,FALSE
1,7,B2,2.1096556598015133e-4,7.716049382716049e-5,FALSE
3,8,B1,2.111985167076682e-4,7.716049382716049e-5,FALSE
2,7,pitchforks,2.1446855410991235e-4,7.716049382716049e-5,FALSE
0,1,skewness,2.546965050690836e-4,7.716049382716049e-5,FALSE
2,8,closeness,2.862056082776909e-4,7.716049382716049e-5,FALSE
3,5,kurtosis,2.9394478891483285e-4,7.716049382716049e-5,FALSE
0,1,closeness,3.4086239269521455e-4,7.716049382716049e-5,FALSE
1,3,colless,3.455444316333435e-4,7.716049382716049e-5,FALSE
3,7,sackin,3.5354649682612624e-4,7.716049382716049e-5,FALSE
4,8,B1,3.5457568692283755e-4,7.716049382716049e-5,FALSE
4,7,kurtosis,3.6410107102953623e-4,7.716049382716049e-5,FALSE
7,8,pitchforks,3.9462418158621996e-4,7.716049382716049e-5,FALSE
3,8,cherries,4.091136594884149e-4,7.716049382716049e-5,FALSE
4,8,cherries,4.127539177653821e-4,7.716049382716049e-5,FALSE
1,4,DelW,4.597191284114108e-4,7.716049382716049e-5,FALSE
1,5,treeSize,4.7884246911694797e-4,7.716049382716049e-5,FALSE
0,6,colless,4.829581964803777e-4,7.716049382716049e-5,FALSE
3,8,kurtosis,5.542200376960566e-4,7.716049382716049e-5,FALSE
4,8,treeSize,5.707623082157598e-4,7.716049382716049e-5,FALSE
4,7,DelW,6.026440190091565e-4,7.716049382716049e-5,FALSE
1,5,betweenness,6.239985548178775e-4,7.716049382716049e-5,FALSE
0,2,stairs2,6.519031662192446e-4,7.716049382716049e-5,FALSE
3,8,pitchforks,6.721900932821491e-4,7.716049382716049e-5,FALSE
3,7,kurtosis,6.779072189940707e-4,7.716049382716049e-5,FALSE
5,8,cherries,7.049321561071436e-4,7.716049382716049e-5,FALSE
0,8,B2,7.939850002798229e-4,7.716049382716049e-5,FALSE
4,7,maxWidth,8.076703628077688e-4,7.716049382716049e-5,FALSE
7,8,betweenness,8.892464401874427e-4,7.716049382716049e-5,FALSE
2,3,B1,8.917389238364215e-4,7.716049382716049e-5,FALSE
0,1,kurtosis,9.925158522677481e-4,7.716049382716049e-5,FALSE
3,8,maxWidth,0.0010148352304868542,7.716049382716049e-5,FALSE
1,6,closeness,0.0011248585439099562,7.716049382716049e-5,FALSE
0,8,closeness,0.0012220474057510922,7.716049382716049e-5,FALSE
1,4,stairs1,0.0012774967792248994,7.716049382716049e-5,FALSE
6,7,maxWidth,0.0013127382119854025,7.716049382716049e-5,FALSE
0,2,sackin,0.0013512939539646782,7.716049382716049e-5,FALSE
6,8,closeness,0.0013581904709255466,7.716049382716049e-5,FALSE
5,8,B1,0.0013852946837731998,7.716049382716049e-5,FALSE
6,7,B2,0.0014624604195785343,7.716049382716049e-5,FALSE
1,5,stairs2,0.0014647350137398938,7.716049382716049e-5,FALSE
4,8,pitchforks,0.0014684049919265426,7.716049382716049e-5,FALSE
0,1,maxHeight,0.0014853653304256424,7.716049382716049e-5,FALSE
3,8,treeSize,0.0015713674808716582,7.716049382716049e-5,FALSE
0,7,treeSize,0.001628063826624959,7.716049382716049e-5,FALSE
1,7,ILnumber,0.0017768299141408582,7.716049382716049e-5,FALSE
2,3,stairs1,0.00181140466303325,7.716049382716049e-5,FALSE
4,8,betweenness,0.0018200748844426388,7.716049382716049e-5,FALSE
6,7,B1,0.002211422022655285,7.716049382716049e-5,FALSE
0,7,betweenness,0.002280809509304961,7.716049382716049e-5,FALSE
2,7,treeSize,0.0023131694813678287,7.716049382716049e-5,FALSE
3,8,stairs2,0.002349208334452889,7.716049382716049e-5,FALSE
6,7,cherries,0.0023601401095138417,7.716049382716049e-5,FALSE
3,6,sackin,0.0024031965477841516,7.716049382716049e-5,FALSE
0,4,I2,0.0025346873890983736,7.716049382716049e-5,FALSE
6,7,DelW,0.002600423538788048,7.716049382716049e-5,FALSE
1,6,stairs1,0.00283632114734383,7.716049382716049e-5,FALSE
0,7,sackin,0.002863997480479762,7.716049382716049e-5,FALSE
0,7,pitchforks,0.003041567137688402,7.716049382716049e-5,FALSE
0,6,maxHeight,0.0031833375404851628,7.716049382716049e-5,FALSE
3,7,stairs2,0.003224625410748409,7.716049382716049e-5,FALSE
3,7,maxWidth,0.003355197688472317,7.716049382716049e-5,FALSE
3,8,betweenness,0.0037403318732295667,7.716049382716049e-5,FALSE
0,7,skewness,0.003766814111862159,7.716049382716049e-5,FALSE
2,7,stairs2,0.003972281931195109,7.716049382716049e-5,FALSE
6,7,kurtosis,0.004024602269537975,7.716049382716049e-5,FALSE
2,8,cherries,0.004072262533645683,7.716049382716049e-5,FALSE
4,8,sackin,0.004144638243611943,7.716049382716049e-5,FALSE
2,8,B1,0.004215623742072065,7.716049382716049e-5,FALSE
0,3,maxHeight,0.00423675320417572,7.716049382716049e-5,FALSE
1,4,stairs2,0.00434140693060189,7.716049382716049e-5,FALSE
0,3,B2,0.004565841239037859,7.716049382716049e-5,FALSE
6,7,pitchforks,0.0048135924972999376,7.716049382716049e-5,FALSE
6,8,cherries,0.004833688423130678,7.716049382716049e-5,FALSE
0,7,colless,0.005012132590867666,7.716049382716049e-5,FALSE
1,6,I2,0.005027816572610933,7.716049382716049e-5,FALSE
0,3,B1,0.005113145588649942,7.716049382716049e-5,FALSE
1,5,stairs1,0.005125843889699638,7.716049382716049e-5,FALSE
2,7,betweenness,0.005149444875397837,7.716049382716049e-5,FALSE
0,3,pitchforks,0.005358689965402319,7.716049382716049e-5,FALSE
0,5,B2,0.00545562085870523,7.716049382716049e-5,FALSE
3,8,maxHeight,0.005787789425856417,7.716049382716049e-5,FALSE
6,8,B1,0.0058090503456816826,7.716049382716049e-5,FALSE
0,3,stairs2,0.005955845127273513,7.716049382716049e-5,FALSE
7,8,maxWidth,0.005967117058637679,7.716049382716049e-5,FALSE
1,5,skewness,0.006029888111447406,7.716049382716049e-5,FALSE
1,6,colless,0.006118248856645094,7.716049382716049e-5,FALSE
2,3,cherries,0.006219329787140254,7.716049382716049e-5,FALSE
0,8,B1,0.006763856869615161,7.716049382716049e-5,FALSE
0,4,stairs2,0.006932954057060092,7.716049382716049e-5,FALSE
1,4,maxHeight,0.007472839421370261,7.716049382716049e-5,FALSE
0,2,skewness,0.007567855763080369,7.716049382716049e-5,FALSE
1,6,stairs2,0.007836411383826446,7.716049382716049e-5,FALSE
1,5,kurtosis,0.007854151897795475,7.716049382716049e-5,FALSE
0,8,cherries,0.007864543325960748,7.716049382716049e-5,FALSE
4,8,I2,0.008011481466254916,7.716049382716049e-5,FALSE
3,8,colless,0.008427753952016167,7.716049382716049e-5,FALSE
1,3,ILnumber,0.00858774180626255,7.716049382716049e-5,FALSE
2,8,treeSize,0.008756987314795026,7.716049382716049e-5,FALSE
3,6,pitchforks,0.009078195100697923,7.716049382716049e-5,FALSE
2,7,closeness,0.00933739592974487,7.716049382716049e-5,FALSE
0,2,DelW,0.009408900062769612,7.716049382716049e-5,FALSE
5,8,pitchforks,0.009502715074109127,7.716049382716049e-5,FALSE
0,3,cherries,0.0099886022491675,7.716049382716049e-5,FALSE
0,3,DelW,0.010658718484044857,7.716049382716049e-5,FALSE
0,4,betweenness,0.010953955783667601,7.716049382716049e-5,FALSE
5,8,closeness,0.01159082574802289,7.716049382716049e-5,FALSE
2,4,sackin,0.012114243326120605,7.716049382716049e-5,FALSE
0,8,pitchforks,0.01222223314607898,7.716049382716049e-5,FALSE
0,7,I2,0.012614113377084122,7.716049382716049e-5,FALSE
1,2,ILnumber,0.012713047977800753,7.716049382716049e-5,FALSE
2,8,pitchforks,0.012826743314941118,7.716049382716049e-5,FALSE
0,8,maxWidth,0.012906606148794375,7.716049382716049e-5,FALSE
3,8,DelW,0.013160060004586275,7.716049382716049e-5,FALSE
0,4,treeSize,0.013168413983213811,7.716049382716049e-5,FALSE
0,7,closeness,0.013447005204709213,7.716049382716049e-5,FALSE
0,6,sackin,0.013493044112134308,7.716049382716049e-5,FALSE
5,8,B2,0.013585999787914206,7.716049382716049e-5,FALSE
6,8,treeSize,0.014324610555560188,7.716049382716049e-5,FALSE
7,8,I2,0.014959585558515195,7.716049382716049e-5,FALSE
3,4,stairs1,0.0153448509825998,7.716049382716049e-5,FALSE
4,7,colless,0.015560007245097457,7.716049382716049e-5,FALSE
2,4,colless,0.015568281529432302,7.716049382716049e-5,FALSE
5,8,maxWidth,0.016254469008980716,7.716049382716049e-5,FALSE
3,4,I2,0.016275882817220172,7.716049382716049e-5,FALSE
2,8,betweenness,0.01628449185985249,7.716049382716049e-5,FALSE
5,8,treeSize,0.016359400198359575,7.716049382716049e-5,FALSE
0,6,stairs2,0.016539641195244485,7.716049382716049e-5,FALSE
0,6,maxWidth,0.016903807709113566,7.716049382716049e-5,FALSE
2,5,maxWidth,0.017489962497522694,7.716049382716049e-5,FALSE
3,5,maxWidth,0.01780322461491539,7.716049382716049e-5,FALSE
6,8,pitchforks,0.01787555500639447,7.716049382716049e-5,FALSE
1,6,DelW,0.017959309606657356,7.716049382716049e-5,FALSE
4,5,colless,0.01815145199599422,7.716049382716049e-5,FALSE
2,7,stairs1,0.018331986335871575,7.716049382716049e-5,FALSE
3,6,stairs1,0.019898199719121993,7.716049382716049e-5,FALSE
0,7,kurtosis,0.020007719532587488,7.716049382716049e-5,FALSE
0,4,maxWidth,0.020046608269804842,7.716049382716049e-5,FALSE
4,5,maxHeight,0.020609083038810778,7.716049382716049e-5,FALSE
4,7,stairs2,0.020705511100267884,7.716049382716049e-5,FALSE
6,7,treeSize,0.02198283074297394,7.716049382716049e-5,FALSE
4,7,maxHeight,0.022249816084644644,7.716049382716049e-5,FALSE
2,5,skewness,0.02231267344473839,7.716049382716049e-5,FALSE
0,4,DelW,0.022650848757170335,7.716049382716049e-5,FALSE
3,5,maxHeight,0.022740190384708297,7.716049382716049e-5,FALSE
6,7,betweenness,0.022995223983854004,7.716049382716049e-5,FALSE
3,5,colless,0.023205354795711414,7.716049382716049e-5,FALSE
0,4,ILnumber,0.023604745043084747,7.716049382716049e-5,FALSE
1,5,closeness,0.023766478691811185,7.716049382716049e-5,FALSE
2,4,treeSize,0.024067573213313154,7.716049382716049e-5,FALSE
7,8,skewness,0.025567598835111876,7.716049382716049e-5,FALSE
0,4,cherries,0.02562514267201,7.716049382716049e-5,FALSE
0,8,treeSize,0.025665334189338522,7.716049382716049e-5,FALSE
2,4,pitchforks,0.025848658777831615,7.716049382716049e-5,FALSE
2,4,B1,0.02604599139243751,7.716049382716049e-5,FALSE
5,8,betweenness,0.027947323858901637,7.716049382716049e-5,FALSE
2,4,betweenness,0.028493621281076947,7.716049382716049e-5,FALSE
2,4,cherries,0.029227527834232585,7.716049382716049e-5,FALSE
0,6,DelW,0.029499006549590766,7.716049382716049e-5,FALSE
0,3,betweenness,0.030997071335742216,7.716049382716049e-5,FALSE
7,8,DelW,0.03100993994501583,7.716049382716049e-5,FALSE
6,8,betweenness,0.03108929421673806,7.716049382716049e-5,FALSE
3,6,B1,0.031549801536228654,7.716049382716049e-5,FALSE
2,4,I2,0.03298872829295624,7.716049382716049e-5,FALSE
0,8,stairs2,0.03492321092870781,7.716049382716049e-5,FALSE
2,5,DelW,0.03576510223860402,7.716049382716049e-5,FALSE
5,6,DelW,0.03618786803360187,7.716049382716049e-5,FALSE
0,4,B1,0.038078394234902044,7.716049382716049e-5,FALSE
5,8,DelW,0.0390309690141887,7.716049382716049e-5,FALSE
6,7,stairs2,0.03983383822078426,7.716049382716049e-5,FALSE
2,5,kurtosis,0.041477500344195214,7.716049382716049e-5,FALSE
4,5,DelW,0.041583919631438475,7.716049382716049e-5,FALSE
3,7,closeness,0.042995311294434964,7.716049382716049e-5,FALSE
3,7,cherries,0.04362767774147058,7.716049382716049e-5,FALSE
0,7,maxHeight,0.04403699005817534,7.716049382716049e-5,FALSE
4,5,kurtosis,0.044208178493620444,7.716049382716049e-5,FALSE
4,7,stairs1,0.04521838706779425,7.716049382716049e-5,FALSE
0,8,betweenness,0.0456088461329098,7.716049382716049e-5,FALSE
4,5,skewness,0.04681604729886587,7.716049382716049e-5,FALSE
7,8,B2,0.04714509309170024,7.716049382716049e-5,FALSE
0,3,treeSize,0.048519557839312846,7.716049382716049e-5,FALSE
0,2,kurtosis,0.048862113765343065,7.716049382716049e-5,FALSE
7,8,sackin,0.04894616804280925,7.716049382716049e-5,FALSE
0,1,I2,0.04932525565911882,7.716049382716049e-5,FALSE
7,8,stairs2,0.04968368028050132,7.716049382716049e-5,FALSE
6,7,stairs1,0.05080844246460213,7.716049382716049e-5,FALSE
4,6,sackin,0.05246673876662896,7.716049382716049e-5,FALSE
5,6,skewness,0.054453021056628505,7.716049382716049e-5,FALSE
0,8,DelW,0.054526461398289955,7.716049382716049e-5,FALSE
6,7,closeness,0.0556528951450249,7.716049382716049e-5,FALSE
1,7,colless,0.05574769528962861,7.716049382716049e-5,FALSE
5,8,stairs2,0.05611465902282094,7.716049382716049e-5,FALSE
0,4,skewness,0.057827773469162284,7.716049382716049e-5,FALSE
2,5,stairs2,0.059086176927537,7.716049382716049e-5,FALSE
4,6,colless,0.060445369244268,7.716049382716049e-5,FALSE
4,8,ILnumber,0.06103851764902608,7.716049382716049e-5,FALSE
2,4,closeness,0.06127335061002252,7.716049382716049e-5,FALSE
4,8,colless,0.06266328874546634,7.716049382716049e-5,FALSE
5,6,maxWidth,0.06381409960013017,7.716049382716049e-5,FALSE
2,5,maxHeight,0.06478638303357774,7.716049382716049e-5,FALSE
4,5,sackin,0.06604321982929587,7.716049382716049e-5,FALSE
2,4,ILnumber,0.06715267688498265,7.716049382716049e-5,FALSE
0,4,closeness,0.06744945580923156,7.716049382716049e-5,FALSE
2,8,sackin,0.0675743260741244,7.716049382716049e-5,FALSE
4,6,betweenness,0.06944755524012124,7.716049382716049e-5,FALSE
1,5,sackin,0.06953970256953876,7.716049382716049e-5,FALSE
3,7,I2,0.06977609770053567,7.716049382716049e-5,FALSE
3,7,DelW,0.06994662231396813,7.716049382716049e-5,FALSE
4,6,pitchforks,0.07580407376931379,7.716049382716049e-5,FALSE
3,8,stairs1,0.07647556659167579,7.716049382716049e-5,FALSE
0,4,pitchforks,0.0774699027003219,7.716049382716049e-5,FALSE
0,4,kurtosis,0.07977119644048485,7.716049382716049e-5,FALSE
1,2,maxHeight,0.08036515126328277,7.716049382716049e-5,FALSE
4,5,stairs2,0.08131116552960968,7.716049382716049e-5,FALSE
2,8,I2,0.08141575126322494,7.716049382716049e-5,FALSE
4,8,maxWidth,0.08172231176903008,7.716049382716049e-5,FALSE
0,8,colless,0.08427811651616056,7.716049382716049e-5,FALSE
0,3,stairs1,0.08458168430246567,7.716049382716049e-5,FALSE
2,3,betweenness,0.08498442330876813,7.716049382716049e-5,FALSE
3,4,ILnumber,0.0855474494165953,7.716049382716049e-5,FALSE
1,2,kurtosis,0.0858672187010503,7.716049382716049e-5,FALSE
3,6,cherries,0.08668155104437308,7.716049382716049e-5,FALSE
0,7,ILnumber,0.08700337236560109,7.716049382716049e-5,FALSE
3,7,treeSize,0.08760288215063587,7.716049382716049e-5,FALSE
0,6,skewness,0.08825745814858509,7.716049382716049e-5,FALSE
0,5,cherries,0.08850559988317672,7.716049382716049e-5,FALSE
4,6,treeSize,0.09314928195906792,7.716049382716049e-5,FALSE
7,8,kurtosis,0.09434950413096378,7.716049382716049e-5,FALSE
2,3,treeSize,0.09614098792387941,7.716049382716049e-5,FALSE
4,5,maxWidth,0.09634361311446533,7.716049382716049e-5,FALSE
0,1,colless,0.09693602212020766,7.716049382716049e-5,FALSE
7,8,stairs1,0.0969550336367345,7.716049382716049e-5,FALSE
4,7,cherries,0.0986307326834213,7.716049382716049e-5,FALSE
5,7,B1,0.09975980978926134,7.716049382716049e-5,FALSE
5,6,stairs2,0.10052030362323972,7.716049382716049e-5,FALSE
4,7,B1,0.1034570811020659,7.716049382716049e-5,FALSE
7,8,ILnumber,0.10466812164088823,7.716049382716049e-5,FALSE
4,6,B1,0.10518849255024529,7.716049382716049e-5,FALSE
6,8,sackin,0.10590557651651357,7.716049382716049e-5,FALSE
6,8,I2,0.10762637235278066,7.716049382716049e-5,FALSE
3,8,I2,0.10984336666106742,7.716049382716049e-5,FALSE
5,6,kurtosis,0.11156442623485326,7.716049382716049e-5,FALSE
0,3,colless,0.11809746727464632,7.716049382716049e-5,FALSE
2,7,I2,0.11838213216082415,7.716049382716049e-5,FALSE
5,7,B2,0.11888807515891671,7.716049382716049e-5,FALSE
2,7,maxHeight,0.11891701037177926,7.716049382716049e-5,FALSE
3,5,sackin,0.11962181315150504,7.716049382716049e-5,FALSE
4,6,cherries,0.12185469120929505,7.716049382716049e-5,FALSE
2,5,cherries,0.12440746226312804,7.716049382716049e-5,FALSE
4,6,I2,0.12550423718976406,7.716049382716049e-5,FALSE
4,5,I2,0.12744040372526858,7.716049382716049e-5,FALSE
6,8,maxWidth,0.12796885538515973,7.716049382716049e-5,FALSE
2,8,maxWidth,0.1322443358598163,7.716049382716049e-5,FALSE
0,8,maxHeight,0.13386543757711675,7.716049382716049e-5,FALSE
3,7,B1,0.13474928915074963,7.716049382716049e-5,FALSE
5,7,cherries,0.13596542630381853,7.716049382716049e-5,FALSE
1,6,ILnumber,0.14615542395480222,7.716049382716049e-5,FALSE
4,6,ILnumber,0.14782623132355668,7.716049382716049e-5,FALSE
4,5,ILnumber,0.15045306077134396,7.716049382716049e-5,FALSE
5,7,treeSize,0.15215474472086712,7.716049382716049e-5,FALSE
3,7,betweenness,0.1574379495186154,7.716049382716049e-5,FALSE
5,6,maxHeight,0.1590642348531662,7.716049382716049e-5,FALSE
4,6,maxHeight,0.16566477248257858,7.716049382716049e-5,FALSE
3,6,betweenness,0.16846504454915617,7.716049382716049e-5,FALSE
5,7,closeness,0.17096099395609968,7.716049382716049e-5,FALSE
4,7,sackin,0.17127412357213015,7.716049382716049e-5,FALSE
0,2,I2,0.17334993615294061,7.716049382716049e-5,FALSE
2,5,colless,0.17937832906949513,7.716049382716049e-5,FALSE
0,7,stairs1,0.18647852171132,7.716049382716049e-5,FALSE
4,6,closeness,0.18659802379164916,7.716049382716049e-5,FALSE
2,8,DelW,0.18992611058188175,7.716049382716049e-5,FALSE
5,7,betweenness,0.1930236570107229,7.716049382716049e-5,FALSE
5,7,I2,0.1955102999886005,7.716049382716049e-5,FALSE
5,8,stairs1,0.19741870282575044,7.716049382716049e-5,FALSE
3,4,closeness,0.2012813131474264,7.716049382716049e-5,FALSE
5,8,skewness,0.2024309865607909,7.716049382716049e-5,FALSE
0,5,colless,0.20526453335340267,7.716049382716049e-5,FALSE
4,8,DelW,0.20535664156076414,7.716049382716049e-5,FALSE
1,6,kurtosis,0.20629084352966762,7.716049382716049e-5,FALSE
5,7,skewness,0.20769718516806857,7.716049382716049e-5,FALSE
3,5,stairs2,0.2108161338536218,7.716049382716049e-5,FALSE
1,2,skewness,0.21242029587826006,7.716049382716049e-5,FALSE
1,5,I2,0.21705491209863367,7.716049382716049e-5,FALSE
0,5,sackin,0.22437883855900928,7.716049382716049e-5,FALSE
2,7,ILnumber,0.2259711557506614,7.716049382716049e-5,FALSE
5,6,cherries,0.23150688329674965,7.716049382716049e-5,FALSE
5,7,ILnumber,0.23585725273902977,7.716049382716049e-5,FALSE
0,5,B1,0.2362386592402862,7.716049382716049e-5,FALSE
1,4,skewness,0.2385268271088952,7.716049382716049e-5,FALSE
1,5,maxHeight,0.23885729556647017,7.716049382716049e-5,FALSE
0,1,ILnumber,0.24254442127661366,7.716049382716049e-5,FALSE
5,7,pitchforks,0.24372609918993615,7.716049382716049e-5,FALSE
6,7,I2,0.245325844065615,7.716049382716049e-5,FALSE
5,6,colless,0.24777906400635089,7.716049382716049e-5,FALSE
2,4,maxHeight,0.2576836959887372,7.716049382716049e-5,FALSE
2,5,B1,0.2598521781505186,7.716049382716049e-5,FALSE
3,8,ILnumber,0.26018424254734984,7.716049382716049e-5,FALSE
3,6,treeSize,0.2605093854071142,7.716049382716049e-5,FALSE
6,8,DelW,0.2668855300081563,7.716049382716049e-5,FALSE
3,7,ILnumber,0.26719726341920863,7.716049382716049e-5,FALSE
4,7,pitchforks,0.2674440378517155,7.716049382716049e-5,FALSE
2,5,stairs1,0.2696432402897828,7.716049382716049e-5,FALSE
5,6,stairs1,0.2744142307827776,7.716049382716049e-5,FALSE
0,3,I2,0.27709643602579276,7.716049382716049e-5,FALSE
4,5,stairs1,0.2774089899575473,7.716049382716049e-5,FALSE
2,8,ILnumber,0.28352727877149214,7.716049382716049e-5,FALSE
0,6,I2,0.2891884190045615,7.716049382716049e-5,FALSE
0,6,kurtosis,0.29322477178971135,7.716049382716049e-5,FALSE
0,8,stairs1,0.29437163891360285,7.716049382716049e-5,FALSE
6,7,ILnumber,0.3023678450151928,7.716049382716049e-5,FALSE
0,7,maxWidth,0.3071719690070921,7.716049382716049e-5,FALSE
1,8,stairs1,0.31439909622174056,7.716049382716049e-5,FALSE
1,4,kurtosis,0.3283561771783081,7.716049382716049e-5,FALSE
5,8,kurtosis,0.3292150315056397,7.716049382716049e-5,FALSE
1,8,B2,0.3391923162226761,7.716049382716049e-5,FALSE
4,5,treeSize,0.3394064604451177,7.716049382716049e-5,FALSE
0,5,kurtosis,0.34019644080663725,7.716049382716049e-5,FALSE
4,5,betweenness,0.34158806700381583,7.716049382716049e-5,FALSE
0,8,I2,0.34180043250735714,7.716049382716049e-5,FALSE
0,2,stairs1,0.3418369597336457,7.716049382716049e-5,FALSE
1,8,colless,0.3427552531176008,7.716049382716049e-5,FALSE
4,8,maxHeight,0.3495825287070906,7.716049382716049e-5,FALSE
5,6,B1,0.35642655122671585,7.716049382716049e-5,FALSE
3,5,DelW,0.3570420381307181,7.716049382716049e-5,FALSE
0,7,DelW,0.3572796255809003,7.716049382716049e-5,FALSE
1,8,closeness,0.3612406755406762,7.716049382716049e-5,FALSE
4,5,closeness,0.3612415188290222,7.716049382716049e-5,FALSE
3,5,pitchforks,0.3650065822499592,7.716049382716049e-5,FALSE
6,8,ILnumber,0.3684895910332767,7.716049382716049e-5,FALSE
5,8,I2,0.3708789008219955,7.716049382716049e-5,FALSE
2,8,B2,0.37215132126465855,7.716049382716049e-5,FALSE
5,8,maxHeight,0.37217189421642316,7.716049382716049e-5,FALSE
5,7,sackin,0.3733866325767924,7.716049382716049e-5,FALSE
2,4,maxWidth,0.37727377370481197,7.716049382716049e-5,FALSE
0,3,ILnumber,0.3773193981034011,7.716049382716049e-5,FALSE
3,4,treeSize,0.37829861963920697,7.716049382716049e-5,FALSE
0,1,sackin,0.380284860191204,7.716049382716049e-5,FALSE
5,8,sackin,0.38220750625430566,7.716049382716049e-5,FALSE
0,8,skewness,0.38235927398264125,7.716049382716049e-5,FALSE
6,8,B2,0.38805284946609275,7.716049382716049e-5,FALSE
5,7,kurtosis,0.3940641268648176,7.716049382716049e-5,FALSE
6,7,maxHeight,0.3975373059018381,7.716049382716049e-5,FALSE
1,6,skewness,0.39775018434035136,7.716049382716049e-5,FALSE
6,8,stairs2,0.3984600215216907,7.716049382716049e-5,FALSE
0,6,stairs1,0.3998688584509331,7.716049382716049e-5,FALSE
0,4,stairs1,0.4004056448877905,7.716049382716049e-5,FALSE
1,8,kurtosis,0.40089062911408635,7.716049382716049e-5,FALSE
2,8,colless,0.40352181955220945,7.716049382716049e-5,FALSE
0,3,closeness,0.40380974028695404,7.716049382716049e-5,FALSE
0,2,betweenness,0.40788442689617854,7.716049382716049e-5,FALSE
0,5,skewness,0.4133395657392903,7.716049382716049e-5,FALSE
5,7,maxHeight,0.41635783155330286,7.716049382716049e-5,FALSE
4,8,stairs2,0.4179160167244578,7.716049382716049e-5,FALSE
2,7,colless,0.42155839170456433,7.716049382716049e-5,FALSE
2,8,stairs2,0.4231197376245792,7.716049382716049e-5,FALSE
1,8,sackin,0.43349723833944,7.716049382716049e-5,FALSE
0,2,ILnumber,0.43681339357440274,7.716049382716049e-5,FALSE
3,4,betweenness,0.4410922723353039,7.716049382716049e-5,FALSE
2,5,pitchforks,0.44599274806559164,7.716049382716049e-5,FALSE
4,8,B2,0.4490896183911677,7.716049382716049e-5,FALSE
3,5,B1,0.4517315792763823,7.716049382716049e-5,FALSE
4,7,treeSize,0.4542682035674289,7.716049382716049e-5,FALSE
5,7,colless,0.45959308844657554,7.716049382716049e-5,FALSE
5,6,pitchforks,0.4645890982838826,7.716049382716049e-5,FALSE
2,3,closeness,0.47802555476319486,7.716049382716049e-5,FALSE
0,5,treeSize,0.478429279679922,7.716049382716049e-5,FALSE
4,7,closeness,0.47881787786357444,7.716049382716049e-5,FALSE
3,4,pitchforks,0.48562797197284224,7.716049382716049e-5,FALSE
0,5,betweenness,0.4868520448397886,7.716049382716049e-5,FALSE
5,7,maxWidth,0.4892597924085287,7.716049382716049e-5,FALSE
6,8,colless,0.49218806652326963,7.716049382716049e-5,FALSE
1,8,B1,0.4965468124654171,7.716049382716049e-5,FALSE
0,2,treeSize,0.5018535229863927,7.716049382716049e-5,FALSE
3,5,ILnumber,0.5051816166399146,7.716049382716049e-5,FALSE
2,8,stairs1,0.5059697089637292,7.716049382716049e-5,FALSE
2,5,sackin,0.5157368563416928,7.716049382716049e-5,FALSE
0,8,ILnumber,0.5204541671431069,7.716049382716049e-5,FALSE
1,8,cherries,0.5276855269502141,7.716049382716049e-5,FALSE
0,5,pitchforks,0.5296798920391386,7.716049382716049e-5,FALSE
0,5,stairs1,0.5302492736016997,7.716049382716049e-5,FALSE
1,6,maxHeight,0.5309360226004098,7.716049382716049e-5,FALSE
2,5,ILnumber,0.5396408451684365,7.716049382716049e-5,FALSE
3,7,pitchforks,0.5554927878564648,7.716049382716049e-5,FALSE
4,8,stairs1,0.5560276676814269,7.716049382716049e-5,FALSE
4,7,betweenness,0.5614333398540355,7.716049382716049e-5,FALSE
1,4,B2,0.567275276697319,7.716049382716049e-5,FALSE
2,6,maxHeight,0.5730347763875807,7.716049382716049e-5,FALSE
3,5,betweenness,0.5735072766274036,7.716049382716049e-5,FALSE
6,8,stairs1,0.5757302827740383,7.716049382716049e-5,FALSE
6,7,colless,0.5773226245194845,7.716049382716049e-5,FALSE
3,8,sackin,0.5779424628080524,7.716049382716049e-5,FALSE
0,5,DelW,0.5820521741481461,7.716049382716049e-5,FALSE
0,5,maxHeight,0.5821043040284043,7.716049382716049e-5,FALSE
5,6,sackin,0.5948146576429234,7.716049382716049e-5,FALSE
1,8,skewness,0.600519259969384,7.716049382716049e-5,FALSE
2,7,sackin,0.6075248254139219,7.716049382716049e-5,FALSE
2,5,I2,0.610048497860363,7.716049382716049e-5,FALSE
0,6,treeSize,0.6154642444936349,7.716049382716049e-5,FALSE
6,7,sackin,0.6177431880612245,7.716049382716049e-5,FALSE
0,3,sackin,0.620277314418205,7.716049382716049e-5,FALSE
5,6,ILnumber,0.6275282733045267,7.716049382716049e-5,FALSE
5,6,I2,0.628031221709519,7.716049382716049e-5,FALSE
4,5,pitchforks,0.6285913140257418,7.716049382716049e-5,FALSE
3,5,treeSize,0.6316201582520876,7.716049382716049e-5,FALSE
2,8,maxHeight,0.6320116247434016,7.716049382716049e-5,FALSE
1,8,stairs2,0.634031291447404,7.716049382716049e-5,FALSE
2,6,DelW,0.6383476001241297,7.716049382716049e-5,FALSE
0,2,cherries,0.640116381603467,7.716049382716049e-5,FALSE
0,6,ILnumber,0.6477651701989572,7.716049382716049e-5,FALSE
1,7,maxHeight,0.6516556121437931,7.716049382716049e-5,FALSE
0,6,cherries,0.653222096884339,7.716049382716049e-5,FALSE
4,6,maxWidth,0.6671020565316131,7.716049382716049e-5,FALSE
4,5,B1,0.6725259227830056,7.716049382716049e-5,FALSE
4,8,kurtosis,0.6727788837711314,7.716049382716049e-5,FALSE
0,8,kurtosis,0.6740193118021018,7.716049382716049e-5,FALSE
4,6,kurtosis,0.6754048695992175,7.716049382716049e-5,FALSE
1,5,colless,0.6766792134728783,7.716049382716049e-5,FALSE
4,7,ILnumber,0.6785388627731272,7.716049382716049e-5,FALSE
3,4,B1,0.6818323868485575,7.716049382716049e-5,FALSE
0,6,betweenness,0.6876524378022222,7.716049382716049e-5,FALSE
1,8,treeSize,0.6890850179601593,7.716049382716049e-5,FALSE
5,8,colless,0.6918979767630218,7.716049382716049e-5,FALSE
2,4,B2,0.6969612755972234,7.716049382716049e-5,FALSE
3,6,closeness,0.7033195477597104,7.716049382716049e-5,FALSE
5,6,betweenness,0.7103732426799726,7.716049382716049e-5,FALSE
1,8,betweenness,0.7148981739488987,7.716049382716049e-5,FALSE
3,5,I2,0.7155096666960448,7.716049382716049e-5,FALSE
5,7,stairs2,0.7197985805270596,7.716049382716049e-5,FALSE
2,8,kurtosis,0.7234973437638355,7.716049382716049e-5,FALSE
4,7,I2,0.7254209411632366,7.716049382716049e-5,FALSE
4,6,DelW,0.7289620099353091,7.716049382716049e-5,FALSE
2,5,treeSize,0.7314880102145973,7.716049382716049e-5,FALSE
1,5,ILnumber,0.7319880292365504,7.716049382716049e-5,FALSE
7,8,maxHeight,0.7348150841592873,7.716049382716049e-5,FALSE
2,3,I2,0.7399248714213691,7.716049382716049e-5,FALSE
5,8,ILnumber,0.7507312494003838,7.716049382716049e-5,FALSE
2,6,kurtosis,0.751259474367384,7.716049382716049e-5,FALSE
1,3,sackin,0.7558832650095078,7.716049382716049e-5,FALSE
0,7,stairs2,0.7561443313588934,7.716049382716049e-5,FALSE
5,6,treeSize,0.7602876692589108,7.716049382716049e-5,FALSE
2,4,skewness,0.765742271654384,7.716049382716049e-5,FALSE
0,6,closeness,0.7697213907838516,7.716049382716049e-5,FALSE
4,6,B2,0.7708808893999576,7.716049382716049e-5,FALSE
0,2,closeness,0.7764383508883441,7.716049382716049e-5,FALSE
0,5,closeness,0.7770133698712016,7.716049382716049e-5,FALSE
1,2,B2,0.7777290910760812,7.716049382716049e-5,FALSE
7,8,colless,0.7852936664434917,7.716049382716049e-5,FALSE
3,6,I2,0.7916448301573069,7.716049382716049e-5,FALSE
1,8,DelW,0.8032857586546577,7.716049382716049e-5,FALSE
2,5,betweenness,0.8057646007328747,7.716049382716049e-5,FALSE
2,6,betweenness,0.805838842634603,7.716049382716049e-5,FALSE
0,2,B1,0.8060724585537302,7.716049382716049e-5,FALSE
0,6,B1,0.8221683759483047,7.716049382716049e-5,FALSE
2,6,maxWidth,0.8259669158009063,7.716049382716049e-5,FALSE
3,6,ILnumber,0.8275953514889255,7.716049382716049e-5,FALSE
0,5,ILnumber,0.8311881653499935,7.716049382716049e-5,FALSE
0,5,I2,0.831845511423791,7.716049382716049e-5,FALSE
1,6,B2,0.8369056351516437,7.716049382716049e-5,FALSE
2,4,kurtosis,0.8393285265588035,7.716049382716049e-5,FALSE
3,5,stairs1,0.8396083087847807,7.716049382716049e-5,FALSE
0,8,sackin,0.8413148687875615,7.716049382716049e-5,FALSE
0,6,pitchforks,0.8436487831697231,7.716049382716049e-5,FALSE
3,5,closeness,0.843965172810773,7.716049382716049e-5,FALSE
2,6,stairs2,0.8468553088753039,7.716049382716049e-5,FALSE
0,5,stairs2,0.8561306172538476,7.716049382716049e-5,FALSE
0,2,pitchforks,0.8591715331402799,7.716049382716049e-5,FALSE
6,8,maxHeight,0.8603385411028852,7.716049382716049e-5,FALSE
6,8,kurtosis,0.8641628870755864,7.716049382716049e-5,FALSE
3,7,stairs1,0.8699728042303921,7.716049382716049e-5,FALSE
2,8,skewness,0.8724989227142925,7.716049382716049e-5,FALSE
4,5,cherries,0.8839479105406516,7.716049382716049e-5,FALSE
2,6,colless,0.8879858035999264,7.716049382716049e-5,FALSE
2,6,skewness,0.8884834084158135,7.716049382716049e-5,FALSE
2,5,closeness,0.8914505250304666,7.716049382716049e-5,FALSE
3,5,cherries,0.8930851296834534,7.716049382716049e-5,FALSE
1,8,pitchforks,0.8931166082462019,7.716049382716049e-5,FALSE
2,6,ILnumber,0.8955486120217037,7.716049382716049e-5,FALSE
2,6,stairs1,0.896246955991265,7.716049382716049e-5,FALSE
2,3,ILnumber,0.8972637509834072,7.716049382716049e-5,FALSE
1,8,maxHeight,0.8972779178247046,7.716049382716049e-5,FALSE
2,4,DelW,0.9104352432063574,7.716049382716049e-5,FALSE
5,7,stairs1,0.9108336467072131,7.716049382716049e-5,FALSE
2,6,cherries,0.9112922051016334,7.716049382716049e-5,FALSE
1,8,I2,0.9193902388496129,7.716049382716049e-5,FALSE
2,6,sackin,0.9198151130463014,7.716049382716049e-5,FALSE
2,4,stairs2,0.9232504726830095,7.716049382716049e-5,FALSE
2,6,closeness,0.9254945758399866,7.716049382716049e-5,FALSE
2,4,stairs1,0.9266779467543447,7.716049382716049e-5,FALSE
4,6,stairs2,0.9274493765564025,7.716049382716049e-5,FALSE
4,6,skewness,0.9292178466157024,7.716049382716049e-5,FALSE
1,8,ILnumber,0.9350032330121114,7.716049382716049e-5,FALSE
6,8,skewness,0.9360588070682541,7.716049382716049e-5,FALSE
2,6,pitchforks,0.94452591047577,7.716049382716049e-5,FALSE
1,8,maxWidth,0.9492890390818756,7.716049382716049e-5,FALSE
5,6,closeness,0.9495418597034027,7.716049382716049e-5,FALSE
2,6,B1,0.9629098447577206,7.716049382716049e-5,FALSE
2,6,I2,0.9699667302592642,7.716049382716049e-5,FALSE
4,6,stairs1,0.97065825362183,7.716049382716049e-5,FALSE
3,4,cherries,0.9722809601356549,7.716049382716049e-5,FALSE
4,8,skewness,0.9743600354820173,7.716049382716049e-5,FALSE
5,7,DelW,0.9920186843301604,7.716049382716049e-5,FALSE
2,6,B2,0.9938448985375294,7.716049382716049e-5,FALSE
2,6,treeSize,0.9964528847960616,7.716049382716049e-5,FALSE
0,5,maxWidth,0.9973109168756684,7.716049382716049e-5,FALSE
