names,tree_tips,num_clades
Acinetobacter,1646,75
Campylobacter,9180,406
Citrobacter_freundii,241,3
Clostridioides_difficile,550,24
Cronobacter,349,10
Elizabethkingia,157,15
Enterobacter,1524,86
Escherichia_coli_Shigella,35063,1838
Klebsiella,5812,271
Klebsiella_oxytoca,273,14
Kluyvera_intermedia,15,0
Legionella_pneumophila,295,9
Listeria,7253,411
Morganella,72,6
Mycobacterium_tuberculosis,2844,121
Neisseria,1890,103
Providencia,156,7
Pseudomonas_aeruginosa,2789,144
Salmonella,34939,1965
Serratia,273,16
Staphylococcus_pseudintermedius,377,13
Vibrio_parahaemolyticus,740,28
Vibrio_cholerae,569,26
Vibrio_vulnificus,245,22
Clostridium_botulinum,163,4
Clostridium_perfringens,191,7
Corynebacterium_striatum,46,1
Photobacterium_damselae,42,1